"FREE SOCKS4&amp;5 UPDATE DAILY! VPN, Proxy, Socks",http://hpc.name/showthread.php?t=58859,22.05.2018,dichvusocks,dichvusocks
"{Tisocks.com} - Socks5 Proxy Service Cheap Socks5 VPN, Proxy, Socks",http://hpc.name/showthread.php?t=59507,22.05.2018,tisocks,tisocks
"[Shopsocks5.com] FREE SOCKS4&amp;5 UPDATE DAILY! VPN, Proxy, Socks",http://hpc.name/showthread.php?t=58757,22.05.2018,shopsocks5.com,shopsocks5.com
Создание сайтов / Web Studio Avram Lincoln Предлагаем свои услуги,http://hpc.name/showthread.php?t=59954,22.05.2018,AvramLincoln,AvramLincoln
Арендуй и Властвуй Предлагаем свои услуги,http://hpc.name/showthread.php?t=59749,22.05.2018,Exxasens,Exxasens
Продажа сканов/снилс/вод.уд/инн/загран Прочие товары и услуги,http://hpc.name/showthread.php?t=50153,22.05.2018,aurelioooooo,aurelioooooo
"Sell RDP/Продажа дедиков/UAS-SERVICE.RU/RDP SHOP #1 !!! VPN, Proxy, Socks",http://hpc.name/showthread.php?t=55033,22.05.2018,U-A-S,U-A-S
"Изготовление Сайтов, Логотипов,Баннеров,Интро видео и многое Предлагаем свои услуги",http://hpc.name/showthread.php?t=58738,22.05.2018,MaJlblLLl,MaJlblLLl
"Сервис по продаже SSH тунелей VPN, Proxy, Socks",http://hpc.name/showthread.php?t=59950,22.05.2018,Rentalis,Rentalis
Вопрос] Keep-Alive connection к УРЛУ Низкоуровневое программирование,http://hpc.name/showthread.php?t=59909,22.05.2018,Bagish,Bagish
"Сканы, фото паспортов и других документов различных стран и комплектаций Прочие товары и услуги",http://hpc.name/showthread.php?t=57532,22.05.2018,proexpert,proexpert
Wap.cash - Wap-клик партнерка со стабильными выплатами Партнерки,http://hpc.name/showthread.php?t=55338,22.05.2018,Wap.Cash,Wap.Cash
xakfor.net Обсуждение ваших сайтов,http://hpc.name/showthread.php?t=42227,22.05.2018,_Werewolf_,emotion
Текст для сайта на английском языке Предлагаем свои услуги,http://hpc.name/showthread.php?t=59218,22.05.2018,D007user,D007user
Набираю учеников по работе с pokerstars Предлагаем работу,http://hpc.name/showthread.php?t=57776,22.05.2018,River7777,River7777
"Продажа Dedicated servers ( Дедики ) Все Страны USA RU DE и другие! Хостинг, Сервера, VPS",http://hpc.name/showthread.php?t=42840,22.05.2018,akvelon,akvelon
"Quick Sender-Комбайн Для Продвижения В Вконтакте (аналог VkBot) Софт, скрипты",http://hpc.name/showthread.php?t=58784,22.05.2018,Dima_Myrzich,Dima_Myrzich
"CheckCheck - лучший чекер аккаунтов соц. сетей Софт, скрипты",http://hpc.name/showthread.php?t=59461,21.05.2018,piaro,piaro
"SHH ТУННЕЛИ   Dedicated Servers VPN, Proxy, Socks",http://hpc.name/showthread.php?t=59961,21.05.2018,DChorniy,DChorniy
Перерисую ваши сканы под ваши данные за умеренную плату Предлагаем свои услуги,http://hpc.name/showthread.php?t=49664,21.05.2018,sagatyk,sagatyk
"5GB - Ваш надежный хостинг-провайдер по низким ценам Хостинг, Сервера, VPS",http://hpc.name/showthread.php?t=59965,21.05.2018,gribnik,gribnik
